2499.00,vivo,iQOO,Neo5,12GB+256GB,夜影黑,骁龙870,独立显示芯片,66W闪充,专业电竞游戏手机,双模5G全网通iqooneo5
1699.00,vivo,iQOO,Neo5,活力版,骁龙870,144Hz竞速屏,44W闪充,双模5G全网通手机,8GB+128GB,冰峰白,iqooneo5活力版
1989.00,vivo,iQOO,Z5,12GB+256GB,蓝色起源,骁龙778G,5000mAh长续航,120Hz高刷原色屏,双模5G全网通手机iqooz5
3299.00,vivo,iQOO,8,12GB+256GB,传奇版,120W闪充,骁龙888,独立显示芯片,KPL官方赛事电竞手机,双模5G全网通iqoo8
1599.00,vivo,iQOO,Z5,8GB+128GB,蓝色起源,骁龙778G,5000mAh长续航,120Hz高刷原色屏,双模5G全网通手机iqooz5
2999.00,vivo,S12,12GB+256GB,暖金,一亿像素,4400万超清前置,KPL比赛用机测试认证,快充,智能,长续航,游戏,5G手机
2399.00,,vivo,iQOO,Neo5S,骁龙888,独显芯片Pro,双电芯66W闪充,专业电竞游戏手机,双模5G全网通,8GB+256GB,日落峡谷
2698.00,京品手机vivo,iQOO,7,12GB+256GB,黑境,骁龙888,120W超快闪充,KPL官方赛事电竞手机,双模5G全网通vivoiqoo7
2199.00,,vivo,iQOO,Neo5,SE,骁龙870,144Hz竞速屏,55W闪充,双模5G全网通手机,12GB+256GB,矿影蓝,iqooneo5se
3299.00,vivo,S12,Pro,12GB+256GB,屿蓝,一亿像素,前置5000万双摄,天玑1200旗舰芯片,超薄曲面屏,快充,游戏,5G手机
3999.00,vivo,iQOO,9,12GB+256GB传奇版,E5超视网膜屏,全新一代骁龙8,120W超快闪充,KPL官方电竞手机,5G全网通iqoo9
1899.00,vivo,iQOO,Neo5活力版,高通骁龙870,144Hz竞速屏,44W闪充,电竞游戏5G手机,8GB+256GB极夜黑,官方标配
1199.00,京品手机vivo,iQOO,Z5x,6GB+128GB,透镜黑,44W闪充,5000mAh大电池,120Hz高刷屏,双模5G全网通手机iqooz5x
5999.00,vivo,X,Note,8GB+256GB,晴山蓝,7英寸2K+,E5超感宽幕,3D大面积指纹,旗舰骁龙8,Gen1,5G,大屏,手机,xnote,nex
4999.00,vivo,iQOO,9,Pro,12GB+256GB,传奇版,2KE5超视网膜屏,全新一代骁龙8,超声波指纹,双模5G全网通手机iqoo9pro
1019.00,vivo,Y32,6GB+128GB,晴海蓝,高通骁龙680,5000mAh大电池,疾速侧面指纹,全网通智能手机
4299.00,vivo,iQOO,8,Pro,12GB+256GB,传奇版,骁龙888Plus,120W闪充,2K超视网膜屏,超声波指纹,5G全网通手机iqoo8pro
1269.00,vivo,Y50t,8GB+128GB,碧海蓝,高通骁龙720G,4800万高清影像,4500mAh大电池,双引擎闪充,全网通智能手机
1199.00,vivo,iQOO,U5,骁龙695,5000mAh大电池,120Hz竞速屏,双模5G全网通手机,6GB+128GB,深黑色iqoou5
1899.00,vivo,iQOO,Neo5,活力版,骁龙870,144Hz竞速屏,44W闪充,双模5G全网通手机,8GB+256GB,冰峰白,iqooneo5活力版
869.00,vivo,iQOO,U5x,4GB+128GB星光黑,骁龙680,5000mAh大电池,6.51英寸大屏幕,智慧三摄,全网通智能手机
1999.00,vivo,iQOO,Z5,12GB+256GB,蓝色起源,骁龙778G,5000mAh长续航,120Hz高刷原色屏,双模5G全网通手机iqooz5
1499.00,vivo,T1x,5G手机,8GB+128GB,虹彩,天玑900,5000mAh大电池,44W闪充,6400万超清影像,双模5G全网通手机
2499.00,vivo,iQOO,Neo5,高通骁龙870独立显示芯片,66W闪充,双模5G,电竞游戏智能手机,12GB,256GB夜影黑,官方标配
2898.00,vivo,S12,5G手机,12GB+256GB,屿蓝,后置一亿像素,4400万超清前置,超轻薄机身,光致变色2.0,高跑分旗舰芯片
1599.00,vivo,iQOO,Z5,8GB+128GB,薄暮晨曦,骁龙778G,5000mAh长续航,120Hz高刷原色屏,双模5G全网通手机iqooz5
8999.00,vivo,X,Fold,12GB+256GB,晴山蓝,2K+,120Hz,E5折叠巨幕,航天级铰链,双屏幕指纹,骁龙8,Gen1,5G,折叠,手机
5999.00,vivo,X70Pro+,蔡司专业影像,骁龙888+,2K屏幕,5G手机,专业影像芯片V1,至黑,12GB+256GB
3999.00,vivo,X70,Pro,5nm旗舰芯片,专业影像芯片V1,蔡司光学镜头,120Hz高刷,3200万前置摄像,5G手机,12GB+256GB,至黑
1199.00,vivo,iQOO,Z5x,5000mAh大电池长续航,44W闪充120Hz高刷,双模5G全网通手机,6GB,128GB雾海白,官方标配
2798.00,vivo,iQOO,7,双模5G,骁龙888,120W超快闪充,120Hz全感屏,电竞游戏智能手机,黑镜,12GB,256GB
1599.00,vivo,iQOO,Z5,8GB+128GB,薄暮晨曦,骁龙778G,5000mAh长续航,120Hz高刷原色屏,双模5G全网通手机iqooz5
3299.00,vivo,X70t,蔡司光学镜头,大底微云台主摄,三星5nm旗舰芯片,120Hz高刷,3200万前置摄像,5G手机,8GB+256GB,星云
1199.00,vivo,iQOO,U5,骁龙695,5000mAh大电池,120Hz竞速屏,双模5G全网通手机,6GB+128GB,银白色iqoou5
2599.00,vivo,S12先锋影像旗舰,拍照手机,游戏BOOST模式,后置一亿像素超清主摄,暖金,8G+256G
3999.00,vivo,iQOO,8,Pro,8GB+256GB,赛道版,骁龙888Plus,120W闪充,2K超视网膜屏,超声波指纹,5G全网通手机iqoo8pro
3799.00,vivo*,iQOO9,全新一代骁龙,电竞手机双模5G全网通,传奇版,12GB+256GB
1499.00,vivo,Y55s,双模5G智能手机全网通,6000mAh大电池,5000万超清主摄,6+128GB,陶瓷黑,【移动用户专享优惠】
2169.00,vivo,T1,高通骁龙778G,5000mAh大电池,6400万超清影像,5G手机,曜影黑,12GB,256GB
2169.00,vivo,T1,高通骁龙778G,5000mAh大电池,6400万超清影像,5G手机,曜影黑,12GB,256GB
1349.00,vivo,iQOO,U5,骁龙695,5000mAh大电池,120Hz竞速屏,双模5G全网通手机,8GB+128GB,幻蓝色iqoou5
2499.00,vivo,iQOO,Neo5S,骁龙888独立显示芯片,66W闪充大电量,5G全网通电竞游戏智能手机,8GB+256GB日落峡谷,官方标配
1049.00,【vivo】Y32,新品手机,8GB+4GB超大运存，高通骁龙6nm芯片，5000mAh大电池,晴海蓝,6GB,128GB
1769.00,vivo,Y76s,5G手机,8GB+256GB,星河蓝,44W超级闪充,5000万超清影像,超闪星钻,轻薄拍照手机
1799.00,vivo,iQOO,Z5,高通骁龙778G,120Hz高刷新率5000mAh大电池5G全网通智能手机,8GB,128GB薄暮晨曦,官方标配
2498.00,vivo,iQOO,Neo5,5G手机,骁龙处理器独显芯片66W闪充iqoo,neo5s电竞游戏手机,夜影黑12G,256G,全网通
2499.00,vivo,iQOO,Neo5手机5G【3期免息+碎屏险】iqooneo5骁龙处理器闪充游戏电竞手机,像素橙【全网通标配版】,12GB+256GB
3299.00,vivo,S12Pro先锋影像旗舰,72万超高跑分旗舰芯片后置一亿像素超清主摄,拍照手机,暖金,12GB+256GB
2999.00,vivo,iQOO,8,Pro,5G手机【6期免息+碎屏险】骁龙888Plus独显2K曲面电竞手机,iQOO8传奇,12GB+256GB,【全网通标配版】
2099.00,vivo,S10e,5G手机,8GB+256GB,水彩,6400万超清影像,轻薄外观,高性能处理器,自然柔光人像,双模5G全网通手机
1499.00,vivo,Y33s,5G手机,8GB+128GB,萤石黑,5000mAh大电池,双引擎闪充,超线性扬声器,一体化双模5G手机
1499.00,vivo,T1x,游戏手机,天玑900,5000mAh超长续航,6400万超清影像,120Hz高刷屏,星夜,8GB,128GB
2499.00,vivo,iQOO,Neo5手机5G【3期免息+碎屏险】iqooneo5骁龙处理器闪充游戏电竞手机,夜影黑【全网通标配版】,12GB+256GB
1269.00,vivo,Y55s,5G手机,6GB+128GB,镜湖蓝,6000mAh巨能量电池,200%超大音量扬声器,5000万超清主摄
1799.00,vivo,Y71t,5G手机,44W闪充,6400万超清影像,双模5G全网通手机,午夜蓝,8GB,128GB,官方标配
2799.00,vivo,iQOO,Neo5,5G手机,骁龙处理器独显芯片66W闪充iqoo,neo5s电竞游戏手机,Neo5S,日落峡谷,8GB,256GB,全网通
4999.00,京品手机vivo,X60t,Pro+,骁龙888,5nm芯片,蔡司联合影像系统,120Hz高刷,55W闪充,5G手机,8GB+256GB,深海蓝
1399.00,vivo,T1x,天玑900,5000mAh大电池,44W闪充,6400万超清,双模5G全网通手机,6GB+128GB虹彩【移动用户专享优惠】
1299.00,vivo,Y31s,5G手机,4GB+128GB,钛空灰,5000mAh大电池,90Hz高刷护眼屏,双模5G全网通手机
1099.00,vivo,iQOO,U5x,骁龙680处理器,5000mAh超大电池,128G大内存,全网通智能手机,8GB,128GB,极昼蓝,官方标配
1999.00,vivo,S10,拍照手机,轻薄自拍旗舰,光致变色工艺,天玑1100旗舰处理器,6400万后置三摄,绮光焕彩,8GB,128GB
1699.00,vivo,Y52s,5G手机,8GB+128GB,珊瑚海,5000mAh大电池,4800万影像系统,90Hz灵动护眼屏,双模5G全网通手机
4399.00,vivo,iQOO,9,E5超视网膜屏,全新骁龙8,独显芯片Pro,120W超快闪充电竞游戏5G手机,12GB+256GB,赛道版,官方标配
2399.00,vivo,iQOO,Neo5手机5G全网通,高通骁龙处理器,电竞游戏手机,Neo5S日落峡谷8G,128G,全网通
1099.00,vivo,iQOO,U3x双模5g,5000mAh大电池,90Hz竞速屏骁龙480全网通智能手机,4GB,128GB雅灰,官方标配
1099.00,vivo,Y10,(t1版),4GB+128GB,月夜黑,5000mAh超长待机,128GB随心存储,疾速侧面指纹,全网通智能手机
1299.00,vivo,Y71t,5G手机,44W闪充,6400万超清影像,双模5G全网通手机,幻境晨晖,8GB,128GB,官方标配
3999.00,vivo,X70Pro,专业影像芯片V1,蔡司光学镜头,前置3200万主摄,120Hz高刷,5G手机,至黑,12GB+256GB
2999.00,vivo,iQOO,8,5G手机骁龙888【6期免息+碎屏险】独显120W闪充电竞iqoo8pro,iQOO8,传奇版,12GB+256GB,【全网通标配版】
4499.00,vivo,iQOO,8,Pro,骁龙888plus,2K超视网膜屏,120W超快闪充,电竞游戏手机,12GB+256GB传奇,官方标配
1269.00,vivo,Y50t,8GB+128GB,秘境黑,高通骁龙720G,4800万高清影像,4500mAh大电池,双引擎闪充,全网通智能手机
1999.00,vivo,Y53s,(t2版),5G手机,8GB+256GB,星夜,5000mAh大电池,6400万超清主摄,90Hz高刷屏,双模5G全网通手机
2499.00,vivo,iQOO,Neo5,5G手机【3期免息】66W闪充骁龙处理器游戏手机iqooneo5,夜影黑【全网通标配版】,12GB+256GB
5199.00,vivo,iQOO,9,Pro,2KE5超视网膜屏,骁龙8独显芯片Pro,120W闪充电竞5G手机,12GB+256GB,传奇版,官方标配
2999.00,vivo,iQOO,8,5G手机全网通【12期免息+碎屏保】骁龙888,电竞游戏手机iqoo8Pro,iQOO,8传奇版,12GB+256GB,官方标配
1909.00,vivo#,iQOO,Z5,12GB+256GB,蓝色起源,骁龙778G,5000mAh长续航,120Hz高刷原色屏,双模5G全网通手机iqooz5
2799.00,vivo,iQOO,Neo5,手机,5G新品游戏拍照全网通,neo3升级iqooneo5,骁龙870,Neo5S,夜行空间,8G+256G,标配版
2499.00,vivo,iQOO,Neo5新品5G手机【3期免息+碎屏险】骁龙处理器游戏手机iqooneo5,夜影黑【全网通标配版】,12GB+256GB
1499.00,vivo,Y55s,5G手机,6GB+128GB,镜湖蓝,6000mAh巨能量电池,200%超大音量扬声器【移动用户专享优惠】
1099.00,vivo,Y32手机全网通5000mAh大电池骁龙八核处理器智能手机千元机美颜拍照大电量,雾夜黑6G,128G,全网通
1989.00,vivo,iQOO,Z5,12GB+256GB,蓝色起源,骁龙778G,5000mAh长续航,120Hz高刷原色屏,双模5G全网通手机iqooz5
1999.00,vivo,iQOO,Z5新品5G手机【6期免息+碎屏险】高通骁龙778G,120Hz高刷屏44W闪充,Z5(12+256)薄暮晨曦,官方标配
1299.00,vivo,Y71t,5G手机全网通44W闪充6400万超清影像护眼屏拍照手机,Y71t,幻境晨晖8G,128G,全网通
1299.00,vivo,Y30新品,5000mAh闪充强续航,后置AI智慧三摄,128GB存储,智能手机,曜石黑,8GB+128GB
859.00,vivo,Y32,4GB+64GB,雾夜黑,高通骁龙680,5000mAh大电池,疾速侧面指纹,全网通智能手机
4199.00,vivo,X60Pro,双模5g蔡司光学镜头后置四摄,防抖夜景拍照,60倍超级变焦超薄,5G智能手机,12GB+256GB,原力
3998.00,vivo,X70,Pro,5nm旗舰芯片,专业影像芯片V1,蔡司光学镜头,120Hz高刷,3200万前置摄像,5G手机,12GB+256GB,至黑
2799.00,vivo,iQOO,Neo5S,新品5G手机,高通骁龙电竞游戏手机,iqooneo5升级,Neo5S,日落峡谷,8G+256G,【标配版】
2299.00,vivo,iQOO,Neo5SE,骁龙870,144Hz竞速屏,55W闪充5G全网通电竞游戏智能手机,12GB+256GB岩晶白,官方标配
849.00,vivo,iQOO,U5x,高通骁龙680,全网通智能手机,星光黑,4GB+128GB
1799.00,vivo,iQOO,Neo5,活力版,骁龙870,144Hz竞速屏,44W闪充,双模5G全网通手机,8GB+128GB,极夜黑,iqooneo5活力版
1909.00,vivo,iQOO,Z5,5G全网通电竞手机,造梦空间,12GB+256GB
2479.00,vivo,iQOO,Neo5,12GB+256GB,夜影黑,骁龙870,独立显示芯片,66W闪充,电竞游戏手机,双模5G全网通iqooneo5
869.00,vivo,Y32,高通骁龙680,全网通智能手机,晴海蓝,4GB+64GB
1599.00,vivo,iQOO,Z5新品5G手机【3期免息+碎屏险】高通骁龙778G120Hz高刷屏44W闪充,蓝色起源,8GB+128GB,【全网通标配版】
1599.00,vivo,iQOO,Z5,5G手机【3期免息+碎屏险】120hz高刷骁龙778G游戏手机44W闪充,蓝色起源,8GB+128GB,【全网通标配版】
1399.00,【套装】vivo,iQOO,Z5x,5000mAh大电池,120Hz高刷44W闪充双模5G全网通手机,6GB,128GB透镜黑,官方标配
2699.00,vivo,iQOO,Neo5,高通骁龙870,66W闪充,电竞游戏智能手机,双模5G全网通,12+256GB夜影黑【移动用户专享优惠】
3699.00,vivo,iQOO9旗舰新品5G手机全网通,高通骁龙超快闪充电竞游戏手机,iQOO,9传奇版8G,256G,全网通
1269.00,【6期免息+蓝牙佴机】vivo,Y55s,5G手机,6000mAh巨能量电池,5000万超清主摄,樱粉流星【6G+128GB】,标配版
2319.00,vivo*,iQOO,Neo5S,骁龙888,独显芯片Pro,双电芯66W闪充,双模5G全网通,8GB+256GB,夜行空间
2099.00,vivo,iQOO,Neo5SE,#骁龙870,144Hz竞速屏,55W闪充5G全网通电竞游戏智能手机12GB+256GB幻萤彩,官方标配
3499.00,vivo,iQOO,9,#8GB+256GB传奇版,E5超视网膜屏,全新一代骁龙8,120W超快闪充,KPL官方电竞手机双模5G全网通
3499.00,vivo,iQOO,9,#8GB+256GB传奇版,E5超视网膜屏,全新一代骁龙8,120W超快闪充,KPL官方电竞手机双模5G全网通
1099.00,vivo,Y30标准版新品,5000mAh电池潮流外观,128GB存储,AI智慧影像,智能手机,4GB+128GB,极光色,官方标配版
3199.00,【12期免息】vivo,X70,Pro,5nm旗舰芯片,蔡司光学镜头,120Hz高刷,5G手机,8GB+128GB至黑,官方标配
2699.00,vivo,iQOO,Neo5【下单好礼】5G,66W闪充骁龙870游戏散热学生智能拍照手机,云影蓝12G+256G,标配版
1399.00,vivo,Y52s新品双模5G,后置4800万双摄,5000mAh电池,90Hz高刷,5G手机,6GB+128GB,莫奈彩,官方标配版
1599.00,vivo,iQOO,Z5,5G手机新品【3期免息+6重礼】44W闪充120Hz刷新高通骁龙778G,薄暮晨曦,8GB+128GB,【全网通标配版】
1719.00,vivo,Y71t,智能手机,44W急速回电,6400万超清影像系统,午夜蓝,8GB,256GB【移动用户专享优惠】
1599.00,vivo,iQOO,Z5,5G手机新品【3期免息+6重礼】44W闪充120Hz刷新高通骁龙778G,薄暮晨曦,8GB+128GB,【全网通标配版】
1719.00,vivo,Y71t,智能手机,44W急速回电,6400万超清影像系统,午夜蓝,8GB,256GB【移动用户专享优惠】
1331.00,vivo手机,iQOO,U5,幻蓝色,8+128GB,高通骁龙695,5000mAh大电池,120Hz竞速屏,双模5G全网通iQOOu5
3499.00,vivo*,iQOO9,全新一代骁龙,电竞手机双模5G全网通,传奇版,8GB+256GB
1689.00,【1569起】vivo,iQOO,Z3,5G电竞游戏手机骁龙768G爱酷手机iqoo,z3,Z3,幻银,8+256G,官方标配[90天碎屏宝]
1589.00,vivo,Y55s,5G手机,8GB+128GB,陶瓷黑,6000mAh巨能量电池,200%超大音量扬声器,5000万超清主摄
3399.00,vivo,X70t,拍照手机,双模5G全网通,星云,12GB+256GB
2799.00,vivo,X70,旗舰芯片,蔡司光学镜头,前置3200万高清,120Hz高刷,5G手机,独白,8GB+128GB
1899.00,vivo,Y71t,5G手机,8GB+256GB,幻境晨晖,44W闪充,6400万超清影像,超轻薄机身,双模5G全网通手机
5699.00,vivo,X70,Pro+,拍照手机,双模5G全网通,至黑,12G+256G
2969.00,vivo,iQOO8,全感屏电竞手机双模5G全网通,传奇,12+256
1099.00,vivo,iQOO,U5x,8GB+128GB星光黑,骁龙680,5000mAh大电池,6.51英寸大屏幕,智慧三摄,全网通4G智能手机,电信
1099.00,vivo,iQOO,U5x,8GB+128GB星光黑,骁龙680,5000mAh大电池,6.51英寸大屏幕,智慧三摄,全网通4G智能手机,电信
2199.00,vivo,T1,5G手机#,12GB+256GB,电光青,高通骁龙778G,5000mAh大电池,6400万超清影像,双模5G全网通手机
3598.00,vivo,iQOO,7,12GB+256GB,传奇版,骁龙888,120W超快闪充,KPL官方赛事电竞手机,5G全网通【移动用户专享优惠】
1399.00,vivo,iQOO,Z5x新品5G手机【3期免息+碎屏险】5000mAh长续航大电池120Hz高刷屏,雾海白,8GB+128GB,【全网通标配版】
2179.00,vivo手机,iQOO,Neo5,SE,KPL比赛用机测试认证,高通骁龙870,55W闪充,144Hz屏,12+256GB,矿影蓝,双模5G全网通
1299.00,vivo,Y71t,5G手机,44W闪充,6400万超清影像,双模5G全网通手机,午夜蓝,8GB,128GB,标配版
1899.00,vivo,Y71t,5G手机,8GB+256GB,午夜蓝,44W闪充,6400万超清影像,超轻薄机身,双模5G全网通手机
2599.00,vivo,iQOO,Neo5,5G双模【碎屏保+6期免息】全网通骁龙870独立显示芯片66W闪充,夜影黑【Neo,5】,12+256G
1899.00,vivo,Y71t,5G手机,8GB+256GB,午夜蓝,44W闪充,6400万超清影像,超轻薄机身,5G全网通手机
2599.00,vivo,iQOO,Neo5,5G双模【碎屏保+6期免息】全网通骁龙870独立显示芯片66W闪充,夜影黑【Neo,5】,12+256G
1899.00,vivo,Y71t,5G手机,8GB+256GB,午夜蓝,44W闪充,6400万超清影像,超轻薄机身,5G全网通手机
849.00,vivo*,iQOO,U5x,高通骁龙680,全网通智能手机,极昼蓝,4GB+128GB
1299.00,vivo,T1x,5G手机,6GB+128GB,虹彩,天玑900,5000mAh大电池,44W闪充,6400万超清影像,双模5G全网通手机
1399.00,vivo,iQOO,Z5x新品5G手机【3期免息+送碎屏险】5000mAh长续航大电池120Hz高刷,透镜黑,8GB+128GB,【全网通标配版】
1569.00,vivo,iQOO,Z5,8GB+128GB,蓝色起源,骁龙778G,5000mAh长续航,120Hz高刷原色屏,双模5G全网通手机
1529.00,vivo*,iQOO,Z5,电竞手机,双模5G全网通,薄暮晨曦,8GB+128GB
1229.00,vivo,Y32,8GB+128GB,雾夜黑,高通骁龙680,5000mAh大电池,疾速侧面指纹,全网通智能手机
1199.00,vivo,iQOO,Z5x,8GB+128GB,砂岩橙,44W闪充,5000mAh大电池,120Hz高刷屏,双模5G全网通手机【移动用户专属】
1229.00,vivo,Y32,8GB+128GB,雾夜黑,高通骁龙680,5000mAh大电池,疾速侧面指纹,全网通智能手机
1199.00,vivo,iQOO,Z5x,8GB+128GB,砂岩橙,44W闪充,5000mAh大电池,120Hz高刷屏,双模5G全网通手机【移动用户专属】
2199.00,vivo,T1,5G手机,12GB+256GB,电光青,高通骁龙778G,双模5G全网通手机
2899.00,vivo*,S12,5G全网通拍照手机,屿蓝,12GB+256GB
1099.00,vivo,iQOO,U5x,8GB+128GB星光黑,骁龙680,5000mAh大电池,6.51英寸大屏幕,智慧三摄,全网通4G智能手机,电信
1289.00,vivo,Y50t,8GB+128GB,碧海蓝,高通骁龙720G八核处理器,4500mah闪充大电池,全网通4G智能手机
959.00,vivo,Y32,4GB+128GB,雾夜黑,高通骁龙680,5000mAh大电池,疾速侧面指纹,全网通智能手机
2899.00,vivo手机,iQOO,Neo5S,KPL比赛用机测试认证,高通骁龙888,66W双电芯,120Hz屏,12+256GB,日落峡谷,双模5G全网通
959.00,vivo,Y32,4GB+128GB,雾夜黑,高通骁龙680,5000mAh大电池,疾速侧面指纹,全网通智能手机
2899.00,vivo手机,iQOO,Neo5S,KPL比赛用机测试认证,高通骁龙888,66W双电芯,120Hz屏,12+256GB,日落峡谷,双模5G全网通
2989.00,vivo,iQOO,8,12GB+256GB,传奇,120W超快闪充,骁龙888,液冷散热,KPL官方赛事电竞手机,双模5G全网通iqoo8
2479.00,vivo,iQOO,Neo5,12GB+256GB,云影蓝,骁龙870,独立显示芯片,66W闪充,专业电竞游戏手机,双模5G全网通iqooneo5
1589.00,vivo,iQOO,Z5x,8GB+256GB,透镜黑,天玑900高性能芯,5000mAh大电池,120Hz高刷屏,双模5G全网通手机
2799.00,vivo,S9,5G手机,8GB+256GB,印象拾光,前置4400万超清双摄,后置6400万OIS黑光夜视,6nm旗舰芯片,拍照手机
5189.00,vivo,iQOO,9,Pro,全新一代骁龙,电竞手机双模5G全网通,传奇版,12GB+512GB
2969.00,vivo*,iQOO,8,全感屏电竞手机,双模5G全网通,传奇,12+256
5189.00,vivo,iQOO,9,Pro,全新一代骁龙,电竞手机双模5G全网通,传奇版,12GB+512GB
2969.00,vivo*,iQOO,8,全感屏电竞手机,双模5G全网通,传奇,12+256
2999.00,vivo,iQOO8,Pro手机5G【6期免息】独显芯片120W闪充,iqoo8电竞游戏手机,iQOO,8,传奇,12+256,标配版
1049.00,vivo,Y32,【899起】高通骁龙680,5000mAh大电池,疾速侧面指纹,全网通智能手机,晴海蓝6+128GB,全网通
4299.00,vivo*,X70,Pro,5G全网通,拍照手机,星云,12G+512G
2299.00,vivo,iQOO,Neo5,SE,5G游戏智能手机,骁龙870,144Hz竞速屏,55W闪充,12+256GB,矿影蓝,【移动用户专享优惠】
2569.00,vivo,S12,5G手机【6期免息+碎屏险】新品轻薄自拍后置1.08亿像素s10升级版s12,暖金,8GB+256GB,标配版
4299.00,vivo*,X70,Pro,5G全网通,拍照手机,星云,12G+512G
2299.00,vivo,iQOO,Neo5,SE,5G游戏智能手机,骁龙870,144Hz竞速屏,55W闪充,12+256GB,矿影蓝,【移动用户专享优惠】
2569.00,vivo,S12,5G手机【6期免息+碎屏险】新品轻薄自拍后置1.08亿像素s10升级版s12,暖金,8GB+256GB,标配版
1999.00,vivo,S10,5G全网通拍照手机,绮光焕彩,8GB+128GB
3299.00,【12期免息】vivo,X70系列,5G手机,蔡司光学镜头,120Hz高刷,3200万前置摄像,星云（x70标准版/t版随机发货）,8GB+256GB,标配版
1979.00,vivo,iQOO,Z5,12GB+256GB,造梦空间,骁龙778G,5000mAh长续航,120Hz高刷原色屏,双模5G全网通手机iqooz5
2479.00,vivo,iQOO,Neo5,12GB+256GB,夜影黑,骁龙870,独立显示芯片,66W闪充,专业电竞游戏手机,双模5G全网通iqooneo5
1973.00,vivo,iQOO,Z5手机,12+256GB,蓝色起源,高通骁龙778G,120Hz高刷原色屏,6400万超清三摄,双模5G全网通iqooz5
1973.00,vivo,iQOO,Z5手机,12+256GB,蓝色起源,高通骁龙778G,120Hz高刷原色屏,6400万超清三摄,双模5G全网通iqooz5
2199.00,vivo,T1,5G手机高通骁龙778G,5000mAh大电池,6400万超清,双模全网通12GB+256GB曜影黑【移动用户专享优惠】
1799.00,vivo,iQOO,Neo5,活力版,骁龙870,144Hz竞速屏,44W闪充,双模5G全网通手机,8GB+128GB,极夜黑,iqooneo5活力版
2089.00,vivo,iQOO,Neo5,SE,骁龙870,144Hz竞速屏,55W闪充,双模5G全网通手机,8GB+256GB,幻荧彩,iqooneo5se
1338.00,vivo,iQOO,U5,骁龙695,5000mAh大电池,120Hz竞速屏,双模5G全网通手机,8GB+128GB,深黑色iqoou5
2199.00,vivo,iQOO,Z5,5G【碎屏险】高通骁龙778G,120Hz电竞屏,智能游戏手机,蓝色起源,12G+256G,标配版
2299.00,vivo,S9e新品,超薄机身,后置6400万多焦段影像系统,90Hz超感屏,5g全网通,智能手机,8GB+256GB,黑曜石,官方标配版
1589.00,vivo,iQOO,Z5x,8GB+256GB,透镜黑,天玑900高性能芯,5000mAh大电池,120Hz高刷屏,双模5G全网通手机
2989.00,vivo,iQOO,8,12GB+256GB,传奇版,120W超快闪充,骁龙888,液冷散热,KPL官方赛事电竞手机,双模5G全网通iqoo8
1699.00,vivo,Y76s,5G手机,8GB+256GB,星夜黑,44W超级闪充,5000万超清影像,超闪星钻,全网通手机
2399.00,vivo,S12,#8GB+128GB,耀黑,一亿像素,4400万超清前置,KPL比赛用机测试认证,快充,智能,长续航,游戏,5G手机
2199.00,vivo,iQOO,Neo5,SE,5G手机【享碎屏险】iqooneo5,se学生游戏手机全网通,矿影蓝,12GB+256GB,【全网通标配版】
2898.00,vivo,S12,5G手机,12GB+256GB,暖金,后置一亿像素,4400万超清前置,超轻薄机身,光致变色2.0,高跑分旗舰芯片
2199.00,vivo,iQOO,Neo5,SE,5G手机【享碎屏险】iqooneo5,se学生游戏手机全网通,矿影蓝,12GB+256GB,【全网通标配版】
2898.00,vivo,S12,5G手机,12GB+256GB,暖金,后置一亿像素,4400万超清前置,超轻薄机身,光致变色2.0,高跑分旗舰芯片
2939.00,vivo,S12,Pro,5G手机,8GB+256GB,屿蓝,后置一亿像素,前置5000万双摄,天玑1200旗舰芯片,超薄曲面屏
2789.00,vivo,iQOO,Neo5S,高通骁龙888,双电芯66W闪充,专业电竞游戏手机,双模5G全网通手机,12GB+256GB,夜行空间
2499.00,vivo,iQOO,Neo5手机5G骁龙处理器【3期免息+碎屏险】iqooneo5大屏学生游戏手机,夜影黑【全网通标配版】,12GB+256GB
2159.00,vivo,T1,5G手机,12GB+256GB,电光青,高通骁龙778G,5000mAh大电池,6400万超清影像,游戏手机,拍照手机
1589.00,vivo,Y55s,5G手机,8GB+128GB,镜湖蓝,6000mAh巨能量电池,200%超大音量扬声器,5000万超清主摄
1299.00,vivo,Y55s,5G手机【享3期免息+碎屏险】6000毫安大电池闪充学生美颜拍照手机安卓全网通,樱粉流星,6GB+128GB,标配版
1069.00,vivo,iQOO,U5x新品手机,骁龙680八核5000mAh大电池长续航大屏学生拍照智能游戏手机,极昼蓝,8GB,128GB,全网通
2499.00,vivo,iQOO,Neo5手机5G骁龙处理器【3期免息+碎屏险】iqooneo5大屏学生游戏手机,夜影黑【全网通标配版】,12GB+256GB
2159.00,vivo,T1,5G手机,12GB+256GB,电光青,高通骁龙778G,5000mAh大电池,6400万超清影像,游戏手机,拍照手机
1799.00,vivo,iQOO,Neo5,活力版,骁龙870,144Hz竞速屏,双模5G电竞游戏手机,8GB+128GB,极夜黑,iqooneo5活力版
999.00,vivo,Y32,高通骁龙智能安卓手机,5000mAh大电池,全网通智能手机,vivoy30升级版,晴海蓝,4GB+128GB
2499.00,vivo,iQOO,Neo5,5G电竞游戏手机,骁龙870,独显芯片,66W闪充,iqooneo5,夜影黑,12GB+256GB
1699.00,vivo,Y76s,双模5G智能轻薄拍照手机全网通,44W闪充,5000万超清影像,8+128GB,星夜黑,【移动用户专享优惠】
1699.00,vivo,Y76s,5G手机,8GB+256GB,星夜黑,44W超级闪充,5000万超清影像,超闪星钻,轻薄拍照全网通手机
2939.00,vivo,S12,5G手机,12GB+256GB,屿蓝,后置一亿像素,4400万超清前置,超轻薄机身,光致变色2.0,高跑分旗舰芯片
1599.00,vivo,iQOO,Z5新品5G手机【3期免息+送碎屏险】120Hz高刷屏高通骁龙778G44W闪充,蓝色起源,8GB+128GB,【全网通标配版】
2159.00,vivo,T1,5G手机,12GB+256GB,电光青,高通骁龙778G,5000mAh大电池,6400万超清影像,游戏手机,拍照手机
2399.00,vivo,iQOO,Neo5S/Neo5se,5G全网通手机new5升级爱酷iqooneo5s,Neo5S,夜行空间8G+256G,官方标配【180天碎屏宝+后壳宝】
3199.00,vivo,S12,Pro,12GB+256GB,耀黑,一亿像素,前置5000万双摄,天玑1200旗舰芯片,超薄曲面屏,快充,游戏,5G手机
1799.00,vivo,iQOO,Neo5,活力版,骁龙870,144Hz竞速屏,8GB+128GB,极夜黑,电竞游戏手机,双模5G全网通
1299.00,vivo,Y55s,5G手机【全国联保+碎屏宝】6000mAh巨能量电池,200%超大音量,5g新品,镜湖蓝6+128G,全网通
2999.00,vivo,S12,5G全网通拍照手机轻薄,KPL比赛用机认证,一亿像素,光致变色,12+256GB,暖金,【移动用户专享优惠】
2999.00,vivo,S12,5G全网通拍照手机轻薄,KPL比赛用机认证,一亿像素,光致变色,12+256GB,暖金,【移动用户专享优惠】
1498.00,vivo,iQOO,U3,8GB+128GB,浅蔚蓝,天玑800U八核处理器,5000mAh大电池,90Hz竞速屏,5G全网通手机,iqoou3
1699.00,vivo*,T1x,双模5G全网通手机,8GB+256GB,星夜
2999.00,vivo,S12,5G全网通拍照手机轻薄,KPL比赛用机认证,一亿像素,光致变色,12+256GB,暖金,【移动用户专享优惠】
1498.00,vivo,iQOO,U3,8GB+128GB,浅蔚蓝,天玑800U八核处理器,5000mAh大电池,90Hz竞速屏,5G全网通手机,iqoou3
1699.00,vivo*,T1x,双模5G全网通手机,8GB+256GB,星夜
1199.00,vivo,iQOO,U5,5G智能手机全网通,骁龙695,5000mAh大电池,120Hz竞速屏,4+128GB,银白色【移动用户专享优惠】
2479.00,vivo,iQOO,Neo5,12GB+256GB,夜影黑,骁龙870,独立显示芯片,66W闪充,电竞游戏手机,双模5G全网通iqooneo5
1599.00,vivo,Y76s,智能手机,轻薄机身,超闪星钻,5000万超清影像,44W闪充瞬间来电,星河蓝,8GB,128GB
1299.00,vivo,Y55s,5G手机,6000mAh金标巨能电池,200%澎湃音量6.58英寸超清夜读屏,樱粉流星,6+128GB
3999.00,vivo,X70,Pro,5G智能手机全网通,蔡司光学镜头,44W闪充,三星5nm旗舰芯片,12+256G,星云【移动用户专享优惠】
3299.00,vivo,iQOO,8,12GB+256GB,传奇版,120W闪充,骁龙888,独立显示芯片,双模5G全网通手机【移动用户专属】
3199.00,vivo,X60曲屏版,拍照手机,双模5g蔡司光学镜头,防抖夜景拍照5nm旗舰芯片,华彩,8GB,128GB
1399.00,vivo,iQOO,Z5x新品5G手机,120Hz高刷屏,5000mAh长续航大电池,全网通智能手机,Z5x,8GB+128GB,透镜黑,官方标配
1299.00,vivo,Y71t,5G手机,44W闪充,6400万超清影像,双模5G全网通,【Y71t】午夜蓝,8GB+128GB
869.00,vivo手机,iQOO,U5x,极昼蓝,4+128GB,高通骁龙680,5000mAh大电池,1300万高清像素,双模4G全网通iQOOu5x#
2999.00,vivo,S12,Pro,5G全网通拍照手机轻薄,72万超高跑分旗舰芯片,一亿像素,8+256GB,暖金,【移动用户专享优惠】
2098.00,vivo,Y71t,5G手机,全网通,新品44W闪充,6400万超清影像,超轻薄机身,幻境晨晖,8+256G,一年碎屏险套装
3299.00,vivo,iQOO,8【6期免息+多重好礼】手机骁龙888电竞游戏屏120Hz智能拍照长续航,iQOO,8,传奇,12G+256G,标配版
1399.00,vivo,Y76s,智能手机,轻薄机身,超闪星钻,5000万超清影像,44W闪充瞬间来电,星河蓝,8GB,128GB
2099.00,【至高省200】vivo,S10e,5G手机,6400万超清影像,轻薄外观,高性能处理器,琉璃黑,8GB+256GB
3299.00,vivo,S12,Pro,5G全网通拍照手机轻薄,72万超高跑分旗舰芯片,一亿像素,12+256GB,屿蓝,【移动用户专享优惠】
1399.00,【仅1269起】vivo,iQOO,Z5X,5G电竞游戏爱酷手机iqooz5x,z3升级版,透镜黑,8G+128G,官方标配【90天碎屏宝】
2599.00,vivo,iQOO,Neo5S手机5G骁龙888【3期免息+碎屏险】Neo5,S独显Pro,夜行空间,8GB+256GB,【全网通标配版】
1869.00,【1829起】vivo,iQOO,Neo5活力版5G电竞游戏手机骁龙870,144Hz竞速屏送碎屏宝,极夜黑,8+128G,白条6期免息套装[90天碎屏险]
1499.00,vivo,T1x,5G手机,天玑900,5000mAh大电池,44W闪充,双模5G全网通手机,虹彩,8+128G【含90天碎屏险】
2599.00,vivo,S12,一亿像素,4400万超清前置,KPL比赛用机,5G手机,8G+256G耀黑,标准版
1298.00,【1298起】vivo,iQOO,U3x手机,5G游戏智能手机,90Hz大电池学生机,电竞手机,U3,浅蔚蓝8+128G,官方标配[90天碎屏险]
4999.00,【套装】vivo,iQOO,8,Pro骁龙888plus2K超视网膜屏120W超快闪充,电竞游戏手机,12GB+256传奇,标准版
3699.00,【套装】vivo,iQOO,8,骁龙888,独立显示芯片,120W闪充,120Hz高刷,电竞游戏手机,12GB+256GB传奇,【套装】
1599.00,vivo,T1,高通骁龙5G新品手机,44w闪充,120hz高刷,游戏拍照手机,5g手机vivot1,8G+128G电光青,标配
1799.00,【仅1558起】vivo,iQOO,Z5,5G电竞游戏手机骁龙778G手机爱酷Z3升级版iqooz5,蓝色起源8G+256G,官方标配[90天碎屏宝]
1299.00,vivo,Y71t,智能手机,44W急速回电,6400万超清影像系统,午夜蓝,8GB,128GB
699.00,酷比X60,Pro,八核256G智能手机,全网通4G可用5G卡双卡双待,小米vivo通用接口手机老年,深海蓝【8+128GB】
1299.00,vivo,Y71t,智能手机,44W急速回电,6400万超清影像系统,午夜蓝,8GB,128GB
699.00,酷比X60,Pro,八核256G智能手机,全网通4G可用5G卡双卡双待,小米vivo通用接口手机老年,深海蓝【8+128GB】
1499.00,vivo,Y55s新品手机5G全网通6000毫安金标巨能电池长久待机老人机千元机,陶瓷黑6G,128G,全网通
2999.00,vivo,iqoo,8,5G手机新品,爱酷8,骁龙888,120W闪充,电竞游戏手机iqoo8Pro,iQOO8,传奇版,12GB+256GB,官方标配
1599.00,vivo,iQOO,Z5x新品5G手机【多重好礼+碎屏险】5000mAh长续航大电池,Z3升级版,透镜黑,8G+128G,标配版
4399.00,【现货当天发】vivo,iQOO,9,全新骁龙8,120W超快闪充电竞游戏5G手机,传奇版,全网通(12G+256G)
1599.00,vivo,iQOO,Z5x新品5G手机【多重好礼+碎屏险】5000mAh长续航大电池,Z3升级版,透镜黑,8G+128G,标配版
1999.00,vivo,S10,5G手机,超轻薄机身,前置4400万自然柔光人像,8G+128G萤石黑,标配版
2999.00,【套装】vivo,iQOO,Neo5S,骁龙888独立显示芯片,66W闪充大电量,5G全网通游戏手机,8GB+256GB日落峡谷,官方标配
3098.00,vivo,S12,5G手机新品,后置1.08亿像素,轻薄自拍S10升级版,S12,耀黑,12+256G,一年碎屏险套装
1299.00,【1299起】vivo,Y71t,5G,新品手机,44W闪充,6400万超清影像,全网通双模5G,幻境晨晖,8GB+128GB,5G全网通
3098.00,vivo,S12,5G手机新品,后置1.08亿像素,轻薄自拍S10升级版,S12,耀黑,12+256G,一年碎屏险套装
1299.00,【1299起】vivo,Y71t,5G,新品手机,44W闪充,6400万超清影像,全网通双模5G,幻境晨晖,8GB+128GB,5G全网通
3999.00,vivo,iQOO,9,5G新品手机全网通iqoo9,iqoo8升级版iooq9,iq爱酷9,Pro,iQOO9,传奇版,12+256GB,官方标配
2999.00,vivo,iQOO,Neo5S,手机5G全网通,骁龙888独显芯片,66W闪充,iqooneo5s,日落峡谷12+256G,标配版
3299.00,vivo,S12Pro新品5G手机全网通曲面屏天玑1200旗舰芯片后置一亿像素拍照自拍美颜超薄手机,耀黑12G,256G,全网通
2799.00,vivo,S12,5G手机,新品轻薄自拍,后置1.08亿像素,天玑旗舰芯,vivos10升级s12,8G+256G暖金,标配
3999.00,vivo,iQOO9,5G手机旗舰新品骁龙8独显芯片Pro120W闪充iqoo8升级电竞游戏智能手机,iQOO9,传奇版,8G,256G,全网通
1599.00,vivo,T1,5G手机,高通骁龙778G,5000mAh大电池,游戏拍照手机,电光青8G+128GB,官方标配
1299.00,vivo,Y30,升级版vivoY32,全网通智能手机,5000mAh闪充强续航,安卓手机,晴海蓝（Y32）,8GB+128GB
3999.00,vivo,X70,Pro,5G手机新品【6期免息+送碎屏险】蔡司影像美颜自拍120Hz高刷屏,至黑,12GB+256GB,标配版
2899.00,vivo,iqoo,Neo5S,5G手机vivo,iqoo爱酷neo,5s,neo5se,独显Pro,Neo5s,12+256GB,日落峡谷,官方标配
1199.00,vivo,Y32手机全网通,高通骁龙5000mAh大电池智能手机,晴海蓝6G,128G,全网通
1999.00,vivo,Y53s,(t2版),5000mAh大电池6400万超清主摄,90Hz,5G手机,星夜,8+256GB
899.00,vivo,Y32,高通骁龙680,5000mAh大电池,疾速侧面指纹4G全网通智能手机y32,4+64G,晴海蓝,官方标配【含90天碎屏险】
1499.00,vivo,Y70t,5G手机,6G+128GB,碧海蓝,4500mAh大电池,双引擎闪充,4800万后置三摄,双模5G全网通手机
2899.00,vivo,iqoo,Neo5S,5G手机vivo,iqoo爱酷neo,5s,neo5se,独显Pro,Neo5s,12+256GB,日落峡谷,官方标配
1299.00,vivo,iQOO,U5,双模5G游戏手机全网通,5000mAh大电量120Hz高清屏,iqoou5,6G+128G深黑色,官方标配
2799.00,vivo,iQOO,Neo5S,5G游戏手机,骁龙888,独显芯片Pro,iqooneo5s,日落峡谷,8G+256G,【标配版】
6999.00,vivo,X,Note,7英寸2K+,E5超感宽幕,3D大面积指纹,旗舰骁龙8,Gen1,5G,手机,晴山蓝,12GB+512GB
2099.00,vivo,iQOO,Neo5SE,5G全网通,vivo手机,骁龙870,大电池,Neo5,s,se,矿影蓝,12+256GB,5G全网通
1799.00,vivo,iQOO,Z5,新品5G手机,高通骁龙778G,120Hz高刷,安卓智能手机,薄暮晨曦,8+128G,标配版
1599.00,vivo,iQOO,Z5,双模5G全网通游戏手机,骁龙778G,5大电量长续航,iqooz5,8+128G蓝色起源,官方标配
2399.00,vivo,S12,Pro,一亿像素,前置5000万双摄,超薄曲面屏,5G手机,8G+128G暖金,s12版
2659.00,vivo手机,iQOO,Neo5S手机,独立显示芯片,66W闪充5G全网通爱酷NEO5游戏智能机标配,Neo5S-日落峡谷【升级版】,12GB+256GB
5699.00,vivo,iQOO9,Pro,新品5G手机,vivo手机,电竞游戏手机,vivoiqoo9pro,赛道版,12+512G,标配版
1399.00,【1369起】vivo,Y71t,5G手机,44W闪充,6400万超清影像双模5G全网通手机y71t,8+128G,幻境晨晖,官方标配【含90天碎屏险】
1598.00,vivo,iQOO,Z5,5G手机高通骁龙778G,44W闪充120Hz高刷大电池智能游戏手机,薄暮晨曦,8G,128G,全网通
2998.00,vivo,iQOO,8,5G手机,骁龙888独显芯片120W闪充iqoo8pro电竞游戏智能手机,iQOO8,传奇版,12G,256G,全网通
2899.00,vivo,iQOO,Neo5S,全网通手机vivo,双芯旗,骁龙888+,独显iqoo,neo,5s,日落峡谷,12+256GB,5G全网通
1999.00,vivo,iQOO,Z5,新品5G手机,高通骁龙778G,120Hz高刷,安卓智能手机,薄暮晨曦12G,256G,全网通
5699.00,vivo,iQOO9,Pro,新品5G手机,vivo手机,电竞游戏手机,vivoiqoo9pro,赛道版,12+512G,标配版
1399.00,【1369起】vivo,Y71t,5G手机,44W闪充,6400万超清影像双模5G全网通手机y71t,8+128G,幻境晨晖,官方标配【含90天碎屏险】
2499.00,vivo,iQOO,Neo5手机,高通骁龙870,电竞游戏手机,云影蓝12G,256G,全网通
1399.00,vivo,iQOO,Z5x,5G双模全网通游戏手机,大电量超长待机,iqooz5x,8GB+128GB雾海白,官方标配
1299.00,vivo,Y30/Y32,手机全网通,5000mAh闪充,强续航,智能手机,安卓手机,Y30,水漾蓝,8G+128G,官方标配
2846.00,vivo手机,iQOO8,独立显示芯片,KPL官方赛事电竞手机爱酷7升级版双模5G全网通标配版,传奇【iQOO,8】,12GB+256GB
1799.00,【套装】vivo,iQOO,Z5高通骁龙778G,120Hz,5000mAh大电池5G全网通智能手机,8GB,128GB薄暮晨曦,套装版
1599.00,vivo,iQOO,Z5x,新品5G手机【6期免息+碎屏险】5000mAh长续航大电池,z3升级版,雾海白,8+256G,标配版
2999.00,vivo,iQOO,8,手机骁龙888,120W闪充,5G新品,120Hz电竞游戏屏,全网通手机,iQOO8,燃,12+256,标配版
1399.00,vivo,Y76s,5G手机,44W超级闪充,5000万超清影像,轻薄拍照手机,星河蓝8GB+128GB,官方标配
1129.00,vivo,Y32手机【全国联保+碎屏险】高通骁龙八核,轻薄,6nm芯片,千元机老人机,雾夜黑,6GB+128GB,套装版
2899.00,vivo,iQOO7,5G电竞游戏手机骁龙888,120W闪充,iqoo7/iQOO8,送碎屏险,iqoo7,黑镜,12+256G,官方标配[90天碎屏宝]
1499.00,【3期免息】vivo,Y33s,5G手机,5000mAh大电池,双引擎闪充,后置1300万像素,初雪晨曦,8GB,128GB
1899.00,【1599起】vivo,iQOO,Z5,5G,5000mAh大电池手机Z3升级版,iqoo,z5,蓝色起源,12+256GB,5G全网通
1299.00,vivo,Y55s,新品5g手机,6000mAh金标巨能电池,学生美颜拍照手机,vivoy55s,6G+128G樱粉流星,标配
1999.00,vivo,Y71t,5G手机,6400万超清主摄,轻薄机身,智能拍照手机,幻境晨晖,8G+256G,标配版
1399.00,vivo,Y76s,5G手机,44W超级闪充,5000万超清影像,轻薄拍照手机,星河蓝8GB+128GB,官方标配
4299.00,vivo,iQOO,8,Pro手机5G【6期免息+送碎屏险】骁龙888Plus独显2K曲面电竞手机,传奇,12GB+256GB,【全网通标配版】
5499.00,vivo,X70,Pro+,骁龙888,Plus,2K屏幕,IP68级防水,全四摄光学防抖,5G手机,8GB+256GB至黑,标配版
1999.00,vivo,Y71t,5G手机,6400万超清主摄,轻薄机身,智能拍照手机,幻境晨晖,8G+256G,标配版
1399.00,vivo,Y76s,5G手机,44W超级闪充,5000万超清影像,轻薄拍照手机,星河蓝8GB+128GB,官方标配
2899.00,vivo,iQOO7,5G电竞游戏手机骁龙888,120W闪充,iqoo7/iQOO8,送碎屏险,iqoo7,黑镜,12+256G,官方标配[90天碎屏宝]
1499.00,【3期免息】vivo,Y33s,5G手机,5000mAh大电池,双引擎闪充,后置1300万像素,星云蓝,8GB,128GB
4299.00,vivo,iQOO,8,Pro手机5G【6期免息+送碎屏险】骁龙888Plus独显2K曲面电竞手机,传奇,12GB+256GB,【全网通标配版】
5499.00,vivo,X70,Pro+,骁龙888,Plus,2K屏幕,IP68级防水,全四摄光学防抖,5G手机,8GB+256GB至黑,标配版
2399.00,【现货当天发】vivo,iQOO,Neo5新品5G手机,高通骁龙870,电竞游戏智能手机,夜影黑,5G全网通(8GB+256GB)
2899.00,vivo,iQOO,Neo5S,5G手机vivo,iqooneo5s,骁龙888,独显芯片Pro,12G+256G,夜行空间,官方标配
1999.00,vivo,Y71t,新品5G手机【3期免息+碎屏险】Y70t大电池闪充拍照美颜学生手机安卓智能全网通,(Y71t),幻境晨晖,8GB+256GB,标配版
4999.00,vivo,iQOO,9,Pro,5G新品手机全网通iqoo8pro升级版iqoo9pro爱酷9pro,iQOO9Pro,传奇版,12+256GB,官方标配
2599.00,vivo,S12,5G手机【6期免息】,后置1.08亿像素,轻薄自拍旗舰,美颜拍照手机s12pro,S12,耀黑,8G+128G,标配版
2599.00,vivo,S12,5G手机【6期免息】,后置1.08亿像素,轻薄自拍旗舰,美颜拍照手机s12pro,S12,耀黑,8G+128G,标配版
1899.00,vivo,S10e,新品5G手机【6期免息+碎屏险】,6400万超清影像,高性能处理器轻薄外观,烟霞,8GB+128GB,标配版
1899.00,vivo,iQOO,Neo5SE,vivo手机5G,iqooneo5,se,骁龙870,LCD屏,8G+128G矿影蓝,官方标配
1899.00,vivo,iQOO,Neo5SE,vivo手机5G,iqooneo5,se,骁龙870,LCD屏,8G+128G矿影蓝,官方标配
1799.00,vivo,Y76s,全网通5G(8+256),星河蓝256GB
1299.00,vivo,Y55s,5G手机新品【享3期免息+碎屏险】6000毫安大电池闪充美颜拍照手机全网通安卓,樱粉流星,6GB+128GB,标配版
1299.00,vivo,Y55s,5G手机新品【享3期免息+碎屏险】6000毫安大电池闪充美颜拍照手机全网通安卓,樱粉流星,6GB+128GB,标配版
1599.00,vivo,T1x,新品5g手机,全芯高能,带劲上市,安卓手机智能游戏手机vivot1x,虹彩8G,128G,全网通
4399.00,vivo,iQOO,9手机,5G新品,12期免息,全新一代骁龙8电竞手机iqoo9,iQOO,9,传奇版,12+256G,标配版
1299.00,vivo,Y71t手机5G【3期免息+碎屏险】天玑810轻薄机身44W闪充6400万主摄美颜拍照手机,午夜蓝,8GB+128GB,标配版
1099.00,vivo,iQOO,U5x,手机,骁龙处理器,5000mAh大电池,智能手机,极昼蓝8G,128G
2373.00,vivo,iQOO,Neo5S,骁龙888,独显芯片Pro,电竞游戏,icoo手机爱酷NEO5,S,日落峡谷【8G+256G】,全网通标配
2999.00,vivo,S12,5G手机【6期免息】,后置1.08亿像素,轻薄自拍旗舰,美颜拍照手机,暖金12+256G,标配版
1499.00,vivo,Y33s,5G手机,5000mAh大电池,双引擎闪充,超线性扬声,一体化双模5G手机,萤石黑,8G+128GB,官方标配
1199.00,vivo,iQOO,U5,5G手机vivo,5000mAh大电池120Hz屏,iqoou5,幻蓝色,6+128GB
1099.00,vivo,iQOO,U5x,手机,新品千元机,学生全网通,大电量,大屏幕,侧边指纹,智能手机,星光黑,8+128G,标配版
2799.00,vivo,S12,Pro,5G手机,超薄曲面屏,先锋影像旗舰,后置一亿像素,美颜拍照手机s12pro,8G+256G,暖金,标配
4599.00,vivo,iQOO,9,Pro,5G新品手机全网通iqoo8pro升级版iqoo9pro爱酷9pro,iQOO9,锋芒,12+512GB,vivo,TWS,2e耳机套装
1099.00,vivo,Y10（t1版）手机,大电池,轻薄外观,学生老人智能手机vivo,冰川蓝,4G,128G,全网通
3599.00,vivo,X60t,Pro+,骁龙888旗舰处理器,蔡司联合影像系统,5000万超清主摄,55W闪充,深海蓝,12+256G,官方标配
3099.00,vivo,iQOO,Neo5S,5G手机vivo,iqoo爱酷neo5,s,neo5se,独显Pro,Neo5S,夜行空间,12+256GB,vivo,TWS,2e耳机套装
3099.00,vivo,iQOO,Neo5S,5G手机vivo,iqoo爱酷neo5,s,neo5se,独显Pro,Neo5S,夜行空间,12+256GB,vivo,TWS,2e耳机套装
1499.00,vivo,Y33s,5G手机,5000mAh大电池,人脸指纹解锁,智能手机vivoY31s升级版,初雪晨曦8+128,全网通
868.00,vivo,iQOO,U5x,骁龙处理器,5000mAh超大电池,LCD高清大屏,全网通智能手机,U5x(4+128)星光黑,官方标配
2899.00,vivo,iQOO8,120W超快闪充骁龙888KPL官方电竞手机爱酷8,5G全网通iqoo7升级版,传奇【12GB+256GB】,【全网通标配】
1599.00,vivo,iqoo,Z5新品5G手机【6期免息+碎屏险】高通骁龙778G,120Hz高刷屏44W闪充,Z5(8+128)薄暮晨曦,官方标配
2899.00,vivo,iQOO8,120W超快闪充骁龙888KPL官方电竞手机爱酷8,5G全网通iqoo7升级版,传奇【12GB+256GB】,【全网通标配】
2799.00,vivo,iQOO,Neo5S,手机5G骁龙888独显芯片66W闪充iqoo,neo5s电竞游戏手机,日落峡谷,8G,256G,全网通
1599.00,vivo,iqoo,Z5新品5G手机【6期免息+碎屏险】高通骁龙778G,120Hz高刷屏44W闪充,Z5(8+128)薄暮晨曦,官方标配
1099.00,vivo,Y10(t1版),新品手机,5000mAh超大电池超长待机,4+1GB内存融合,128GB,冰川蓝,4GB+128GB
869.00,vivo,iQOO,U5x,新品4G全网通手机,骁龙680,游戏智能学生机,大电池长时间待机,星光黑,4GB+128GB,官方标配【90天碎屏宝+后壳宝】
5199.00,vivo,iQOO9Pro,5G手机新品骁龙8独显120W闪充KPL官方iqoo9电竞游戏智能手机,iQOO,9,Pro,传奇版,12G,256G,全网通
3599.00,vivo,X60t,Pro+,骁龙888旗舰处理器,蔡司联合影像系统,5000万超清主摄,55W闪充,深海蓝,12+256G,官方标配
2099.00,vivo,S10e,5G手机全网通,6400万超清主摄,自然柔光人像,拍照手机,琉璃黑,8+256G,标配版
2899.00,vivo,iQOO8,120W超快闪充骁龙888KPL官方电竞手机爱酷8,5G全网通iqoo7升级版,传奇【12GB+256GB】,【全网通标配】
1499.00,vivo,Y55s,新品5G手机,6000mAh超大电池长续航超清拍照手机,镜湖蓝,6G+128G,标配版
1599.00,vivo,iqoo,Z5新品5G手机【6期免息+碎屏险】高通骁龙778G,120Hz高刷屏44W闪充,Z5(8+128)薄暮晨曦,官方标配
1099.00,vivo,Y10,(t1版),5000mAh超长待机,疾速侧面指纹全网通智能手机,4+128GB冰川蓝,标准版
1899.00,【1819起】vivo,iQOO,Neo5活力版【店内可选neo5se】,5G电竞旗舰游戏手机,neo5活力版冰峰白,8+256G,官方标配[90天碎屏宝]
1999.00,vivo,y53s,【6期免息+碎屏宝】6400万超清主摄,90Hz高刷,5000mAh大电池,y53s(t2版）星夜8+256G,5G全网通
1499.00,vivo,T1x,5G,新品手机【3期免息+碎屏险】120Hz高刷护眼屏大电池5000mAh大内存,星夜,8GB+128GB,标配版
1099.00,vivo,iQOO,U5x新品手机,全网通5000毫安大电池,智能手机,iqoou3升级版,极昼蓝,8G+128G,标配版
1099.00,vivo,Y10(t1版),新品手机,5000mAh超大电池超长待机,4+1GB内存融合,128GB,冰川蓝,4GB+128GB
869.00,vivo,iQOO,U5x,新品4G全网通手机,骁龙680,游戏智能学生机,大电池长时间待机,星光黑,4GB+128GB,官方标配【90天碎屏宝+后壳宝】
1349.00,【1299起】vivo,iQOO,Z5x,天玑900,5000mAh大电池,手机vivo,砂岩橙,8+128GB,5G全网通
3299.00,vivo,S12系列,S12Pro,5G手机,5G全网通新品,一亿后置主摄,前置超清自拍,12G+256G屿蓝【S12,Pro】,标配
1699.00,vivo,Y76s,5G手机,44W闪充,5000万超清影像,轻薄拍照手机,星钻白,8G+128G,标配版
2999.00,【2999起】vivo,iQOO8,Pro,新款旗舰系列5G手机爱酷8电竞游戏手机iqoo8pro,iqoo,8,传奇,12+256G,官方标配[90天碎屏宝]
1899.00,vivo,iqoo,Neo5,SE,5G手机vivo,5S,爱酷neo5s,neo5se,骁龙870,8+128GB,矿影蓝,官方标配
3899.00,vivo,iQOO,9,全新骁龙8,120W超快闪充电竞游戏5G手机,iQOO9赛道版,8G+256G
3499.00,vivo,X60曲屏版,全网通5G手机影像旗舰,蔡司光学镜头,三星5nm旗舰芯,6.56英寸,华彩,8G+256G
1799.00,vivo,Y53s,5G全网通手机,5000mAh大电池,6400万超清主摄,90Hz高刷屏,海盐,8GB+256GB
869.00,vivo,iQOO,U5x手机【享碎屏险】大内存,5000mAh大电池,游戏手机智能安卓全网通,星光黑,4GB+128GB,标配版
3499.00,vivo,X60曲屏版,全网通5G手机影像旗舰,蔡司光学镜头,三星5nm旗舰芯,6.56英寸,华彩,8G+256G
1799.00,vivo,Y53s,5G全网通手机,5000mAh大电池,6400万超清主摄,90Hz高刷屏,海盐,8GB+256GB
1499.00,vivo,Y33s,新品5G手机,5000mAH大电池,千元长续航全网通,面容指纹双解锁,智能学生机,星云蓝,8+128G,标配版
2079.00,vivo,S10,Pro,5G手机,【6期免息+碎屏险】,自然柔光人像,光致变色,6nm旗舰芯片,S10,绮光焕彩,8GB+128GB,套装版
2198.00,vivo,iQOO,Neo5SE手机5G骁龙870,144Hz竞速屏55W闪充全网通电竞游戏智能手机,矿影蓝,12G,256G,全网通
869.00,vivo,iQOO,U5x手机【享碎屏险】大内存,5000mAh大电池,游戏手机智能安卓全网通,星光黑,4GB+128GB,标配版
1499.00,vivo,Y33s,新品5G手机,5000mAH大电池,千元长续航全网通,面容指纹双解锁,智能学生机,星云蓝,8+128G,标配版
2079.00,vivo,S10,Pro,5G手机,【6期免息+碎屏险】,自然柔光人像,光致变色,6nm旗舰芯片,S10,绮光焕彩,8GB+128GB,套装版
1049.00,vivo,Y32,手机【3重礼+碎屏险】千元机老人机,高通骁龙八核,轻薄,6nm芯片,雾夜黑,6GB+128GB,标配版
1049.00,vivo,Y32,手机【3重礼+碎屏险】千元机老人机,高通骁龙八核,轻薄,6nm芯片,雾夜黑,6GB+128GB,标配版
3999.00,vivo,X70,Pro,新品5G手机,蔡司光学镜头,大底微芸台主摄,专业影像芯片V1,12G+256G,至黑,标配
3999.00,vivo,X70,Pro,新品5G手机,蔡司光学镜头,大底微芸台主摄,专业影像芯片V1,12G+256G,至黑,标配
2199.00,vivo,T1,12GB+256GB,电光青
1349.00,vivo,iQOO,U5,高通骁龙695处理器,5000mAh大电池,120Hz竞速屏全网通智能手机,8+128GB,深黑色,官方标配
5499.00,vivo,iQOO,9,Pro,5G新品手机全网通iqoo8pro升级版iqoo9pro爱酷9pro,iQOO9Pro,传奇版,12+512GB,官方标配
6499.00,vivo,X,Note,7英寸2K+,E5超感宽幕5G全网通3D大面积指纹旗舰手机xnote,晴山蓝,12+256G,官方标配【含270天碎屏险+后壳宝】
2669.00,vivo,S12,12+256GB,耀黑,一亿像素,4400万超清前置,KPL比赛用机测试认证,快充,智能,长续航,5G手机（N）
2299.00,vivo,S10,全网通5G(8+256G),绮光焕彩
2299.00,【现货当天发】vivo,iQOO,Neo5SE,新品5G手机,游戏手机,岩晶白,5G双模(12GB+256GB)
3299.00,vivo,X70,8GB+256GB,独白
6499.00,vivo,X,Note,7英寸2K+,E5超感宽幕5G全网通3D大面积指纹旗舰手机xnote,晴山蓝,12+256G,官方标配【含270天碎屏险+后壳宝】
4499.00,【12期免息】vivo,X70,Pro,5nm旗舰芯片,蔡司光学镜头,120Hz高刷,5G手机,星云,12+512GB【含270天碎屏险】
3299.00,vivo,X70,8GB+256GB,独白
2699.00,vivo,S10,8GB+256GB,青柠,超轻薄机身,前置4400万自然柔光人像,光致变色工艺,6nm旗舰芯片
1099.00,vivo,Y10,(t1版),全网通(4+128G)冰川蓝128GB
2999.00,vivo,S10,Pro,5G手机,12GB+256GB,绮光焕彩,超轻薄机身,后置一亿像素,自然柔光人像,6nm旗舰芯片,拍照手机
2299.00,vivo,S10,手机全网通5G(8+256G),萤石黑
3998.00,vivo,X70,Pro,5nm旗舰芯片,专业影像芯片V1,蔡司光学镜头,120Hz高刷,3200万前置摄像,5G手机,12GB+256GB,星云
1699.00,vivo,Y55s,5G手机,8GB+128GB,镜湖蓝,6000mAh巨能量电池,200%超大音量扬声器,5000万超清主摄
1299.00,vivo,T1x,5G手机,6GB+128GB,虹彩,天玑900,5000mAh大电池,44W闪充,6400万超清影像,双模5G全网通手机
2699.00,vivo,S10,8GB+256GB,青柠,超轻薄机身,前置4400万自然柔光人像,光致变色工艺,6nm旗舰芯片
1999.00,vivo,Y53s,(t2版),(8+256G)星夜256GB
3998.00,vivo,X70,Pro,5nm旗舰芯片,专业影像芯片V1,蔡司光学镜头,120Hz高刷,3200万前置摄像,5G手机,12GB+256GB,星云
1699.00,vivo,Y55s,5G手机,8GB+128GB,镜湖蓝,6000mAh巨能量电池,200%超大音量扬声器,5000万超清主摄
1299.00,vivo,T1x,5G手机,6GB+128GB,虹彩,天玑900,5000mAh大电池,44W闪充,6400万超清影像,双模5G全网通手机
1749.00,vivo,iQOO,Z5,12GB+256GB,薄暮晨曦,骁龙778G,长续航,120Hz高刷,双模5G全网通手机【移动用户专享优惠】
1229.00,vivo,Y30标准版,6GB+128GB,云水蓝,5000mAh大电池,疾速侧面指纹解锁,全网通智能手机
1699.00,vivo,Y70t,5G手机,8G+128GB,秘境黑,4500mAh大电池,双引擎闪充,4800万后置三摄,双模5G全网通手机
6799.00,vivo,X,Note,12GB+512GB,璨夜黑,7英寸2K+,E5超感宽幕,3D大面积指纹,旗舰骁龙8,Gen1,5G,大屏,手机
2499.00,vivo,iQOO,neo5,电竞游戏5G手机,骁龙870,独显芯片,66W闪充,iqooneo5,夜影黑,12G+256G
1999.00,vivo,Y71t,8+256G,幻境晨晖,超大运存,165g轻薄手感,44W疾速回电,6400万超清影像,双模5G全网通vivoy71t
1699.00,vivo,Y55s,全网通5G(8+128),镜湖蓝128GB
1499.00,vivo,iQOO,U3x,8GB+128GB,幻蓝,高通骁龙八核强芯,5000mAh大电池,90Hz竞速屏,双模5G全网通iqoou3x
1869.00,vivo,S10e,全网通5G(8+256),琉璃黑
1699.00,vivo,Y55s,全网通5G(8+128),陶瓷黑128GB
1099.00,vivo,iQOO,U3x,标准版,6GB+128GB,晨霜白,5000mAh大电池,双引擎闪充,八核高性能芯,侧边指纹,全网通iqoou3x
2999.00,vivo,S12,12GB+256GB,暖金,一亿像素,4400万超清前置,快充,智能,长续航,游戏,5G手机
1749.00,vivo,iQOO,Z5,12GB+256GB,薄暮晨曦,骁龙778G,长续航,120Hz高刷,双模5G全网通手机【移动用户专享优惠】
6799.00,vivo,X,Note,12GB+512GB,晴山蓝,7英寸2K+,E5超感宽幕,3D大面积指纹,旗舰骁龙8,Gen1,5G,大屏,手机
1699.00,vivo,Y70t,5G手机,8G+128GB,秘境黑,4500mAh大电池,双引擎闪充,4800万后置三摄,双模5G全网通手机
1669.00,vivo,S10e,全网通5G(8+128),琉璃黑
1799.00,vivo,iQOO,Z5x,天玑900高性能芯,5000mAh大电池,120Hz高刷屏,双模5G手机,8+256GB透镜黑【移动用户专享优惠】
3699.00,vivo,X60曲屏版,12G+256G,华彩,5G手机,专业影像旗舰,蔡司光学镜头,三星5nm旗舰芯片,超稳微云台,夜色更精彩
1799.00,vivo,Y53s,5G手机,8GB+128GB,虹彩,5000mAh大电池,6400万超清主摄,90Hz高刷屏,双模5G全网通手机
1399.00,vivo,Y50t,(8+128),秘密黑128GB
2999.00,vivo,X70,双模5G智能防抖手机全网通,蔡司光学镜头,44W闪充,天玑1200芯片,8+128G,至黑【移动用户专享优惠】
1399.00,vivo,Y50t,(8+128),碧海蓝128GB
2999.00,vivo,S12,12GB+256GB,耀黑,一亿像素,4400万超清前置,快充,智能,长续航,游戏,5G手机
1999.00,vivo,iQOO,Neo5,活力版,双模5G全网通电竞游戏手机,骁龙870,144Hz竞速屏,44W闪充,8+256GB,冰峰白
4198.00,vivo,iQOO,7,12GB+256GB,潜蓝,骁龙888,120W超快闪充,KPL官方赛事电竞手机,双模5G全网通vivoiqoo7
1229.00,vivo,Y30标准版,6GB+128GB,云水蓝,5000mAh大电池,疾速侧面指纹解锁,全网通智能手机
1699.00,vivo,Y70t,5G手机,8G+128GB,秘境黑,4500mAh大电池,双引擎闪充,4800万后置三摄,双模5G全网通手机
6799.00,vivo,X,Note,12GB+512GB,璨夜黑,7英寸2K+,E5超感宽幕,3D大面积指纹,旗舰骁龙8,Gen1,5G,大屏,手机
1999.00,vivo,Y71t,8+256G,幻境晨晖,超大运存,165g轻薄手感,44W疾速回电,6400万超清影像,双模5G全网通vivoy71t
3099.00,vivo,X70t,蔡司光学镜头,大底微云台主摄,5G手机,8GB+256GB,星云(N)
1799.00,vivo,Y53s,(t2版),5G手机,8GB+256GB,星夜,5000mAh大电池,6400万超清主摄,90Hz高刷屏,双模5G全网通手机
2799.00,vivo,iQOO,Neo5S,5G电竞游戏智能手机,骁龙888,66W闪充,120Hz高刷屏,8+256GB,橙光跃动,【移动用户专享优惠】
1669.00,vivo,S10e,全网通5G(8+128),琉璃黑
2999.00,vivo,S12,12GB+256GB,耀黑,一亿像素,4400万超清前置,快充,智能,长续航,游戏,5G手机
1499.00,vivo,Y70t,双模5G全网通智能手机,4500mAh大电池,双引擎闪充,4800万后置三摄,6+128GB,碧海蓝
1585.00,vivo,iQOO,Z5x手机,8+256GB,透镜黑,天玑900高性能芯,5000mAh长续航,120Hz高刷,44W闪充,双模5G全网通iqooz5x
1999.00,vivo,iQOO,Neo5,活力版,双模5G全网通电竞游戏手机,骁龙870,144Hz竞速屏,44W闪充,8+256GB,冰峰白
1899.00,vivo,iQOO,Z3,双模5G全网通电竞智能手机,高通骁龙768G,55W闪充,120Hz高刷竞速屏,6400万AI三摄,8+256GB,星云
1399.00,vivo,Y33s,5G手机,8GB+128GB,萤石黑,一体化双模5G手机(N)
1699.00,vivo,Y52s,5G手机,8GB+128GB,莫奈彩
1799.00,vivo,iQOO,U3手机5G新品天玑800U处理器90Hz高刷5000mAh电池iqoou3手机,iQOO,U3,浅蔚蓝,8+128GB,全网通5G,标配版
1549.00,vivo,iQOO,Z5x手机,44W闪充120Hz竞速屏,爱酷Z5x全网通5G学生机iqooz5x,透镜黑【8G+256G,】,全网通标配
